Task,Category,Due Date,Status,Last Updated
Refine landing page messaging and visuals,Marketing,2025-08-01,Pending,
Add 'How it Works' scroll section,Marketing,2025-08-08,Pending,
Create and embed demo walkthrough video,Marketing,2025-08-15,Pending,
Set up targeted onboarding flows for CTAs,Marketing,2025-08-22,Pending,
Launch CapeAI assistant onboarding guide,Marketing,2025-08-29,Pending,
Add trust & testimonial section,Marketing,2025-09-05,Pending,
Implement footer with links and legal,Marketing,2025-09-12,Pending,
Launch LinkedIn company page,Marketing,2025-09-19,Pending,
Publish launch announcement post on LinkedIn,Marketing,2025-09-26,Pending,
Write and schedule 3 onboarding blog posts,Marketing,2025-10-03,Pending,
Set up email collection and auto-responder,Marketing,2025-10-10,Pending,
Prepare for Product Hunt soft launch,Marketing,2025-10-17,Pending,
Add agent previews section to landing,Marketing,2025-10-24,Pending,
Implement referral incentives and badges,Marketing,2025-10-31,Pending,
Publish social proof feedback carousel,Marketing,2025-11-07,Pending,
Global CDN Caching,Performance,2025-07-31,✅ Done,2025-07-31
Container Deployment,DevOps,2025-07-31,✅ Done,2025-07-31
Authentication System,Core Backend,2025-07-31,✅ COMPLETE,2025-07-31
AI Performance Monitor,Core Backend,2025-07-31,✅ COMPLETE,2025-07-31
Error Tracking System,Core Backend,2025-07-31,✅ COMPLETE,2025-07-31
Input Sanitization,Security Middleware,2025-07-31,✅ COMPLETE,2025-07-31
Content Moderation,Security Middleware,2025-07-31,✅ COMPLETE,2025-07-31
React Frontend,Frontend,2025-07-31,✅ Done,2025-07-31
PWA Manifest,Frontend,2025-07-31,✅ Done,2025-07-31
Heroku Deployment,Infrastructure,2025-07-31,✅ Done,2025-07-31
Cloudflare CDN,Infrastructure,2025-07-31,✅ Done,2025-07-31
PostgreSQL Database,Infrastructure,2025-07-31,✅ Done,2025-07-31
Cape AI Service,AI/ML,2025-07-31,✅ COMPLETE,2025-07-31
Weather Prediction,AI/ML,2025-07-31,✅ COMPLETE,2025-07-31
Alert Management,Business Logic,2025-07-31,✅ COMPLETE,2025-07-31
Audit Logging,Monitoring,2025-07-31,✅ COMPLETE,2025-07-31
System Monitoring,Monitoring,2025-07-31,✅ COMPLETE,2025-07-31
Health Checks,System,2025-07-31,✅ Done,2025-07-31
API Documentation,Documentation,2025-07-31,✅ COMPLETE,2025-07-31
Security Headers,Security,2025-07-31,✅ COMPLETE,2025-07-31
DDoS Protection,Security,2025-07-31,✅ Done,2025-01-30
SSL/TLS Encryption,Security,2025-07-31,✅ Done,2025-01-30
Global CDN Caching,Performance,2025-07-31,✅ Done,2025-01-30
Container Deployment,DevOps,2025-07-31,✅ Done,2025-01-30
Environment Management,DevOps,2025-07-31,✅ COMPLETE,2025-01-30
Performance Analytics,Analytics,2025-07-31,✅ COMPLETE,2025-07-31
Error Analytics,Analytics,2025-07-31,✅ COMPLETE,2025-07-31
Cache Busting,Frontend Build,2025-07-31,✅ Done,2025-07-31
Tailwind CSS,Frontend Styling,2025-07-31,✅ Done,2025-07-31
GitHub Actions CI/CD,DevOps,2025-07-31,✅ COMPLETE,2025-07-31
Production Monitoring,Operations,2025-07-31,✅ COMPLETE,2025-07-31
Uptime Verification,Operations,2025-07-31,✅ Done,2025-07-31